product_id,product_name,category,brand,valid_from,valid_to
1001,Тормозные колодки передние,Тормозная система,Bosch,2024-01-01,
1002,Тормозные колодки задние,Тормозная система,Bosch,2024-01-01,
1003,Тормозные диски передние,Тормозная система,Brembo,2024-01-01,
1004,Тормозные диски задние,Тормозная система,Brembo,2024-01-01,
1005,Тормозная жидкость DOT-4,Тормозная система,Лукойл,2024-01-01,
1006,Тормозная жидкость DOT-5.1,Тормозная система,Bosch,2024-01-01,
1007,Суппорт тормозной,Тормозная система,TRW,2024-01-01,
1008,Датчик износа колодок,Тормозная система,Bosch,2024-01-01,
1009,Масляный фильтр,Фильтры,Mann,2024-01-01,
1010,Воздушный фильтр,Фильтры,Mann,2024-01-01,
1011,Фильтр салона,Фильтры,Mann,2024-01-01,
1012,Топливный фильтр,Фильтры,Mann,2024-01-01,
1013,Фильтр АКПП,Фильтры,Mann,2024-01-01,
1014,Свечи зажигания,Зажигание,NGK,2024-01-01,
1015,Катушка зажигания,Зажигание,Bosch,2024-01-01,
1016,Высоковольтные провода,Зажигание,Bremi,2024-01-01,
1017,Стартер,Зажигание,Valeo,2024-01-01,
1018,Генератор,Зажигание,Valeo,2024-01-01,
1019,Амортизатор передний,Подвеска,KYB,2024-01-01,
1020,Амортизатор задний,Подвеска,KYB,2024-01-01,
1021,Стойка стабилизатора,Подвеска,Lemforder,2024-01-01,
1022,Сайлентблок рычага,Подвеска,Lemforder,2024-01-01,
1023,Шаровая опора,Подвеска,Lemforder,2024-01-01,
1024,Рычаг подвески,Подвеска,Lemforder,2024-01-01,
1025,Пружина подвески,Подвеска,KYB,2024-01-01,
1026,Ступичный подшипник,Подвеска,SKF,2024-01-01,
1027,Опора амортизатора,Подвеска,Lemforder,2024-01-01,
1028,Ремень ГРМ,Двигатель,Gates,2024-01-01,
1029,Ролик натяжителя ГРМ,Двигатель,Gates,2024-01-01,
1030,Помпа водяная,Двигатель,Hepu,2024-01-01,
1031,Прокладка ГБЦ,Двигатель,Elring,2024-01-01,
1032,Сальник коленвала,Двигатель,Elring,2024-01-01,
1033,Термостат,Двигатель,Gates,2024-01-01,
1034,Комплект сцепления,Двигатель,Sachs,2024-01-01,
1035,Датчик коленвала,Двигатель,Bosch,2024-01-01,
1036,Радиатор охлаждения,Система охлаждения,Luzar,2024-01-01,
1037,Радиатор кондиционера,Система охлаждения,Luzar,2024-01-01,
1038,Патрубок радиатора,Система охлаждения,Gates,2024-01-01,
1039,Бачок расширительный,Система охлаждения,Luzar,2024-01-01,
1040,Антифриз G12,Масла и жидкости,Лукойл,2024-01-01,2025-07-01
1040,Антифриз G12,Система охлаждения,Лукойл,2025-07-01,
1041,Вентилятор охлаждения,Система охлаждения,Luzar,2024-01-01,
1042,Аккумулятор 60Ah,Электрика,Bosch,2024-01-01,
1043,Аккумулятор 75Ah,Электрика,Varta,2024-01-01,
1044,Лампы H4,Электрика,Osram,2024-01-01,2025-07-01
1044,Лампы H4,Кузов и оптика,Osram,2025-07-01,
1045,Лампы H7,Электрика,Osram,2024-01-01,2025-07-01
1045,Лампы H7,Кузов и оптика,Osram,2025-07-01,
1046,Реле,Электрика,Bosch,2024-01-01,
1047,Предохранители набор,Электрика,Bosch,2024-01-01,
1048,Датчик ABS,Электрика,Bosch,2024-01-01,
1049,Бензонасос,Электрика,Bosch,2024-01-01,
1050,Моторное масло 5W-40,Масла и жидкости,Лукойл,2024-01-01,
1051,Моторное масло 5W-30,Масла и жидкости,Газпромнефть,2024-01-01,
1052,Масло АКПП,Масла и жидкости,Лукойл,2024-01-01,
1053,Жидкость ГУР,Масла и жидкости,Лукойл,2024-01-01,
1054,Фара передняя,Кузов и оптика,TYC,2024-01-01,
1055,Зеркало боковое,Кузов и оптика,TYC,2024-01-01,
1056,Щётки стеклоочистителя,Аксессуары,Bosch,2024-01-01,2025-07-01
1056,Щётки стеклоочистителя,Кузов и оптика,Bosch,2025-07-01,
1057,ШРУС наружный,Трансмиссия,GKN,2024-01-01,
1058,Пыльник ШРУС,Трансмиссия,GKN,2024-01-01,
1059,Диск сцепления,Трансмиссия,Sachs,2024-01-01,
1060,Рулевой наконечник,Рулевое управление,Lemforder,2024-01-01,
1061,Рулевая тяга,Рулевое управление,Lemforder,2024-01-01,
1062,Насос ГУР,Рулевое управление,ZF,2024-01-01,
1063,Коврики салона,Аксессуары,Novline,2024-01-01,
1064,Компрессор кондиционера,Система охлаждения,Denso,2024-01-01,
