store_id,store_name,city,region,store_format
1,АвтоДеталь Химки,Химки,Центральный,Гипермаркет
2,АвтоДеталь Москва Юг,Москва,Центральный,Гипермаркет
3,АвтоДеталь Москва Восток,Москва,Центральный,Магазин
4,АвтоДеталь Подольск,Подольск,Центральный,Магазин
5,АвтоДеталь Тула,Тула,Центральный,Магазин
6,АвтоДеталь Воронеж,Воронеж,Центральный,Гипермаркет
7,АвтоДеталь Ярославль,Ярославль,Центральный,Магазин
8,АвтоДеталь Рязань,Рязань,Центральный,Пункт выдачи
9,АвтоДеталь Тверь,Тверь,Центральный,Магазин
10,АвтоДеталь Белгород,Белгород,Центральный,Магазин
11,АвтоДеталь СПб Север,Санкт-Петербург,Северо-Западный,Гипермаркет
12,АвтоДеталь СПб Юг,Санкт-Петербург,Северо-Западный,Магазин
13,АвтоДеталь Калининград,Калининград,Северо-Западный,Магазин
14,АвтоДеталь Великий Новгород,Великий Новгород,Северо-Западный,Пункт выдачи
15,АвтоДеталь Мурманск,Мурманск,Северо-Западный,Магазин
16,АвтоДеталь Ростов,Ростов-на-Дону,Южный,Гипермаркет
17,АвтоДеталь Краснодар,Краснодар,Южный,Гипермаркет
18,АвтоДеталь Волгоград,Волгоград,Южный,Магазин
19,АвтоДеталь Сочи,Сочи,Южный,Магазин
20,АвтоДеталь Астрахань,Астрахань,Южный,Пункт выдачи
21,АвтоДеталь Ставрополь,Ставрополь,Северо-Кавказский,Магазин
22,АвтоДеталь Махачкала,Махачкала,Северо-Кавказский,Магазин
23,АвтоДеталь Казань,Казань,Приволжский,Гипермаркет
24,АвтоДеталь Нижний Новгород,Нижний Новгород,Приволжский,Гипермаркет
25,АвтоДеталь Самара,Самара,Приволжский,Магазин
26,АвтоДеталь Уфа,Уфа,Приволжский,Магазин
27,АвтоДеталь Пермь,Пермь,Приволжский,Магазин
28,АвтоДеталь Саратов,Саратов,Приволжский,Пункт выдачи
29,АвтоДеталь Ижевск,Ижевск,Приволжский,Магазин
30,АвтоДеталь Екатеринбург,Екатеринбург,Уральский,Гипермаркет
31,АвтоДеталь Челябинск,Челябинск,Уральский,Магазин
32,АвтоДеталь Тюмень,Тюмень,Уральский,Магазин
33,АвтоДеталь Магнитогорск,Магнитогорск,Уральский,Пункт выдачи
34,АвтоДеталь Новосибирск,Новосибирск,Сибирский,Гипермаркет
35,АвтоДеталь Красноярск,Красноярск,Сибирский,Магазин
36,АвтоДеталь Омск,Омск,Сибирский,Магазин
37,АвтоДеталь Иркутск,Иркутск,Сибирский,Магазин
38,АвтоДеталь Барнаул,Барнаул,Сибирский,Пункт выдачи
39,АвтоДеталь Владивосток,Владивосток,Дальневосточный,Гипермаркет
40,АвтоДеталь Хабаровск,Хабаровск,Дальневосточный,Магазин
41,АвтоДеталь Южно-Сахалинск,Южно-Сахалинск,Дальневосточный,Пункт выдачи
